{
    "nodes": [
        {
            "x": 0.0,
            "y": 0.0,
            "z": 1.0,
            "distance": 1.1671760082244874
        },
        {
            "x": 0.0,
            "y": -1.0,
            "z": 0.0,
            "distance": 0.5256970524787903
        },
        {
            "x": 0.0,
            "y": 1.0,
            "z": 0.0,
            "distance": 0.5943830609321594
        },
        {
            "x": 0.0,
            "y": 0.0,
            "z": 1.0,
            "distance": 1.1671760082244874
        }
    ],
    "graph": [
        [
            0,
            1,
            2
        ],
        [
            1
        ],
        [
            2
        ],
        [
            3,
            0,
            1,
            2,
            1,
            2
        ]
    ]
}